Date,Open,High,Low,Close,Volume,Dividends,Stock Splits,Symbol
2024-07-22,180.96201840623203,182.89717262519915,180.5154315426945,181.95440673828125,16303900,0.0,0.0,GOOG
2024-07-23,182.44067817098954,183.8101789962444,181.9345655429213,182.2025146484375,23772600,0.0,0.0,GOOG
2024-07-24,174.05501085173125,176.59552287859736,172.24887173433115,173.0427703857422,31250700,0.0,0.0,GOOG
2024-07-25,172.92367446263643,173.86644039100563,167.7632579376176,167.87242126464844,28967900,0.0,0.0,GOOG
2024-07-26,167.48536832056084,168.54721586835882,164.60248168072974,167.3960418701172,25150100,0.0,0.0,GOOG
2024-07-29,169.20222879248618,170.8495972349061,168.4281670217387,169.8274383544922,13768900,0.0,0.0,GOOG
2024-07-30,170.52210944067878,171.63357966072712,168.82511852582647,170.5518798828125,13681400,0.0,0.0,GOOG
2024-07-31,173.58857822803412,174.57104820170923,170.41293835612595,171.83204650878906,15650200,0.0,0.0,GOOG
2024-08-01,170.6709511230792,174.3427851386435,169.2121389779332,171.1373748779297,17177800,0.0,0.0,GOOG
2024-08-02,166.90978626358353,168.91441481744445,165.12348434146207,167.11817932128906,18907800,0.0,0.0,GOOG
2024-08-05,156.17213769389954,164.6769124629333,155.40800962630695,159.41725158691406,34907800,0.0,0.0,GOOG
2024-08-06,159.7199396090336,161.11424393639928,156.92636416723713,159.31800842285156,36146500,0.0,0.0,GOOG
2024-08-07,161.99748068038102,163.53567051802347,159.0203156124621,159.52642822265625,19334200,0.0,0.0,GOOG
2024-08-08,161.1082804298322,164.2402637207567,160.79667510686167,162.5928955078125,15733600,0.0,0.0,GOOG
2024-08-09,160.41462901894477,164.26013411355729,159.7050597963025,164.13111877441406,13549200,0.0,0.0,GOOG
2024-08-12,164.7315045669186,165.4311401931017,162.3051228479513,162.7020721435547,12435000,0.0,0.0,GOOG
2024-08-13,163.92765251968973,165.27233437380846,163.51581805401403,164.66697692871094,12717600,0.0,0.0,GOOG
2024-08-14,162.96009102541905,163.70438225781652,158.31570586108387,160.7966766357422,22515900,0.0,0.0,GOOG
2024-08-15,160.97532467484004,162.27535102087091,160.26080383474527,161.92800903320312,18392500,0.0,0.0,GOOG
2024-08-16,162.16619035053037,165.67923858633876,161.838700364902,163.48606872558594,16853100,0.0,0.0,GOOG
2024-08-19,165.7288417944409,167.18765376895314,164.82576483066794,167.11817932128906,13100800,0.0,0.0,GOOG
2024-08-20,167.45560829767214,169.11289495248423,167.37621541603133,167.67393493652344,12622500,0.0,0.0,GOOG
2024-08-21,165.71895219988247,167.356387080216,165.30215086930022,166.3540802001953,15269600,0.0,0.0,GOOG
2024-08-22,167.7533286480312,168.13044108607062,163.77385661123697,164.23036193847656,19123800,0.0,0.0,GOOG
2024-08-23,165.2823023175278,166.67164011519517,164.39907718701505,166.1555938720703,14281600,0.0,0.0,GOOG
2024-08-26,166.8750573458864,168.0907390993711,165.05403325193555,166.65176391601562,11990300,0.0,0.0,GOOG
2024-08-27,166.3342199147958,166.9643810958716,164.89525976691422,165.11358642578125,13718200,0.0,0.0,GOOG
2024-08-28,165.51052319189097,166.1158806742367,162.03716406362884,163.2478790283203,15208700,0.0,0.0,GOOG
2024-08-29,164.7960066398147,166.35406361458502,160.74904404943624,162.15625,17133800,0.0,0.0,GOOG
2024-08-30,162.97000076504267,164.02192989456935,162.16616869974936,163.8532257080078,18498800,0.0,0.0,GOOG
2024-09-03,162.07193018480524,162.13643786008274,156.6534823159027,157.40274047851562,26533100,0.0,0.0,GOOG
2024-09-04,156.8717774597525,159.17907722822045,156.2416163407417,156.60879516601562,17410700,0.0,0.0,GOOG
2024-09-05,156.57901088690292,159.7893873586122,156.32099540311944,157.3927764892578,14139500,0.0,0.0,GOOG
2024-09-06,157.48209519381007,158.00805975950254,150.77850766073584,150.97203063964844,24999100,0.0,0.0,GOOG
2024-09-09,152.6612986512761,153.66492468879292,147.26552935731198,148.59707641601562,28057700,0.2,0.0,GOOG
2024-09-10,150.4950554479833,151.33970198649348,148.60008200807764,149.0641326904297,20401800,0.0,0.0,GOOG
2024-09-11,150.13732934919085,151.51856438272753,147.7623996105896,151.19064331054688,18991500,0.0,0.0,GOOG
2024-09-12,153.8338874470031,154.6288463085895,152.53214970291273,154.5592803955078,20980800,0.0,0.0,GOOG
2024-09-13,155.37609479354282,158.27072196046186,155.12568481343916,157.37142944335938,16733900,0.0,0.0,GOOG
2024-09-16,157.33169139611283,158.23595725653453,156.61622996397466,157.98753356933594,14157600,0.0,0.0,GOOG
2024-09-17,159.08058949166997,160.5711316223217,158.4048843371456,159.26939392089844,12064800,0.0,0.0,GOOG
2024-09-18,159.8357920440244,160.61087266542054,158.65329297321875,159.79603576660156,16756500,0.0,0.0,GOOG
2024-09-19,163.78076327978215,163.94968955468067,161.49724879703658,162.21072387695312,17548200,0.0,0.0,GOOG
2024-09-20,163.48265967891217,163.7112052191287,162.15109722974654,163.60189819335938,46362700,0.0,0.0,GOOG
2024-09-23,164.297469761265,165.55946621205064,161.9225401547121,162.0417938232422,15648400,0.0,0.0,GOOG
2024-09-24,163.2143697623092,163.51248123274706,161.00836610867987,162.60821533203125,18774100,0.0,0.0,GOOG
2024-09-25,161.9424173938191,163.18154867152523,161.74863966014456,161.96229553222656,13607900,0.0,0.0,GOOG
2024-09-26,163.98944299378118,164.45648073818896,162.4690912428634,162.79701232910156,18234500,0.0,0.0,GOOG
2024-09-27,162.8765142550433,165.91721784138522,162.79701685351148,164.247802734375,13604300,0.0,0.0,GOOG
2024-09-30,163.74101062749995,166.30474476008433,163.60189397670442,166.1358184814453,14070100,0.0,0.0,GOOG
2024-10-01,167.79527554783303,169.36531488011792,164.85393277641572,167.35804748535156,18629500,0.0,0.0,GOOG
2024-10-02,166.70221022237482,167.81515854891808,165.20173674862934,166.2550506591797,12745000,0.0,0.0,GOOG
2024-10-03,164.7744807622316,166.8512992772468,164.32730596742377,166.1557159423828,11004300,0.0,0.0,GOOG
2024-10-04,168.27227311066332,168.48095568935207,165.90728980680692,167.4971923828125,11422100,0.0,0.0,GOOG
2024-10-07,168.07350393702208,168.82870637404315,163.09509945252566,163.35345458984375,14034700,0.0,0.0,GOOG
2024-10-08,164.38689534795753,165.0526840930647,163.273962214483,164.6551971435547,11723900,0.0,0.0,GOOG
2024-10-09,163.8155405735455,165.2116804570834,160.10409014811532,162.0318603515625,19666400,0.0,0.0,GOOG
2024-10-10,161.08784709361515,163.2749731131795,160.62080937546463,162.15109252929688,12900500,0.0,0.0,GOOG
2024-10-11,162.30016682626191,164.22793708496354,161.47539835668448,163.482666015625,10946000,0.0,0.0,GOOG
2024-10-14,163.8701941706996,166.5630982764717,163.7410090096024,165.30111694335938,9981800,0.0,0.0,GOOG
2024-10-15,166.08613318007752,168.02383483156237,165.0030095854755,165.84764099121094,14829300,0.0,0.0,GOOG
2024-10-16,164.98312975972647,166.22524813421248,164.1742668836848,165.68865966796875,9968500,0.0,0.0,GOOG
2024-10-17,166.3246470431028,166.87116707461786,163.33361587295568,163.4727325439453,15113400,0.0,0.0,GOOG
2024-10-18,163.8304349366838,165.32097693755154,163.7111964286391,164.00930786132812,13091300,0.0,0.0,GOOG
2024-10-21,163.54229923170922,165.17195816923328,163.26902405208347,164.75460815429688,11384000,0.0,0.0,GOOG
2024-10-22,163.6615148739223,166.41405345217532,163.6317052457798,165.76815795898438,11958600,0.0,0.0,GOOG
2024-10-23,165.38060326279148,166.54323941624745,162.6012420708838,163.44290161132812,12754300,0.0,0.0,GOOG
2024-10-24,163.55221874756216,164.00932501383429,161.743702148577,163.4925994873047,12764400,0.0,0.0,GOOG
2024-10-25,164.32230385981293,166.34446073492893,164.18814539221628,165.9370574951172,14566400,0.0,0.0,GOOG
2024-10-28,169.51437755878808,169.53028310313923,164.7446399008579,167.278564453125,20858300,0.0,0.0,GOOG
2024-10-29,168.3169589050581,170.7763591714636,167.596539398161,170.06089782714844,28916100,0.0,0.0,GOOG
2024-10-30,181.2598428032034,182.6311310949568,174.63685954087978,175.0293731689453,49698300,0.0,0.0,GOOG
2024-10-31,173.61834966228074,177.29501724138538,171.47196534188345,171.6011505126953,32801900,0.0,0.0,GOOG
2024-11-01,170.45838437063261,172.72402226550076,169.23614411934983,171.56138610839844,21752900,0.0,0.0,GOOG
2024-11-04,170.1602720063757,170.83597706922038,168.41633309810572,169.60379028320312,16194000,0.0,0.0,GOOG
2024-11-05,169.7528636413451,171.0118731000074,169.29575741798732,170.32920837402344,12518300,0.0,0.0,GOOG
2024-11-06,174.24437563780998,177.51362460297045,173.93631753730043,177.20558166503906,27061500,0.0,0.0,GOOG
2024-11-07,177.98066575845232,181.4287877245001,177.76205170231373,181.13067626953125,16730400,0.0,0.0,GOOG
2024-11-08,180.85244303087092,181.20024225557705,178.43777208602387,178.72593688964844,15021500,0.0,0.0,GOOG
2024-11-11,178.93460280818536,180.93689692036529,178.8551054167185,180.82261657714844,12503400,0.0,0.0,GOOG
2024-11-12,180.23635335036778,182.86466497040556,179.84881301567367,182.16412353515625,14065800,0.0,0.0,GOOG
2024-11-13,181.00151168099234,181.46359131189283,178.98431233937657,179.35198974609375,13969700,0.0,0.0,GOOG
2024-11-14,178.61662702479006,179.30725213749923,174.9200814305197,176.2317657470703,17925800,0.0,0.0,GOOG
2024-11-15,174.53252949799358,174.77102167495158,171.65577921140778,172.79356384277344,21708900,0.0,0.0,GOOG
2024-11-18,173.8518736008048,175.79454873249418,173.32024324975703,175.68524169921875,18662800,0.0,0.0,GOOG
2024-11-19,174.1300733737963,179.03395378572512,174.01182044159475,178.4476776123047,15392900,0.0,0.0,GOOG
2024-11-20,177.7024409876409,177.98067431563484,174.22450922513764,176.21189880371094,15729800,0.0,0.0,GOOG
2024-11-21,174.34870629164894,174.47291812977846,164.26766926353412,168.1728973388672,38839400,0.0,0.0,GOOG
2024-11-22,166.10602114746408,167.20404962117405,164.66516676560292,165.51974487304688,24497000,0.0,0.0,GOOG
2024-11-25,166.9307866314711,169.3852138787483,166.34449520498836,168.3616943359375,21395700,0.0,0.0,GOOG
2024-11-26,168.42130956453894,170.41365700212847,168.36167514972576,169.54417419433594,14937500,0.0,0.0,GOOG
2024-11-27,169.60381861348725,170.06092488608897,168.60019233923836,169.74295043945312,12433400,0.0,0.0,GOOG
2024-11-29,168.98771195531307,169.79260220629044,167.68597437286056,169.41500854492188,9250700,0.0,0.0,GOOG
2024-12-02,169.24611127015507,172.5054291100734,169.19642349597865,171.8893280029297,16593400,0.0,0.0,GOOG
2024-12-03,172.02842226247745,173.2208680370488,171.42226788668225,171.92906188964844,15721500,0.0,0.0,GOOG
2024-12-04,171.69056362476053,175.31754310005746,171.66075399770924,174.9796905517578,18239800,0.0,0.0,GOOG
2024-12-05,176.20195301833948,176.58949334821534,172.91281079609615,173.21092224121094,16145500,0.0,0.0,GOOG
2024-12-06,172.78365328206635,175.72399577360784,172.45573218499814,175.377197265625,13319500,0.0,0.0,GOOG
2024-12-09,174.8051452045689,177.1181033334023,174.49177384380053,176.1829833984375,19887800,0.2,0.0,GOOG
2024-12-10,183.5794829006666,187.0563809613101,181.7241343909125,185.56414794921875,34317400,0.0,0.0,GOOG
2024-12-11,185.73328807862885,195.8705279817249,185.2955639139752,195.69146728515625,41664500,0.0,0.0,GOOG
2024-12-12,195.28355317442978,195.68645485258997,192.27918661426915,192.62738037109375,25197800,0.0,0.0,GOOG
2024-12-13,191.71216852447748,193.33371818254952,190.26966437361793,190.38905334472656,18883200,0.0,0.0,GOOG
2024-12-16,193.358593781121,199.60109609130157,193.10490930009604,197.13394165039062,32248600,0.0,0.0,GOOG
2024-12-17,197.50200683673464,201.82948852957173,195.6715380333291,196.09930419921875,24129500,0.0,0.0,GOOG
2024-12-18,195.81082440955737,197.66119401544614,188.29991495415683,189.1654052734375,27638400,0.0,0.0,GOOG
2024-12-19,192.2792077384488,193.59238015211147,188.53868223430246,188.71774291992188,26981200,0.0,0.0,GOOG
2024-12-20,186.04164333057025,193.12974956909466,185.40495790370446,191.96084594726562,45319700,0.0,0.0,GOOG
2024-12-23,193.0253161040352,195.47258496219968,190.63774931832597,194.9751739501953,15235900,0.0,0.0,GOOG
2024-12-24,195.15425226177604,196.64648543262288,194.18728504562904,196.54701232910156,6809800,0.0,0.0,GOOG
2024-12-26,195.72130070130024,197.13394622767794,194.8557951729105,196.07943725585938,7907900,0.0,0.0,GOOG
2024-12-27,195.45268852597223,195.7809816226149,190.9779778716318,193.03526306152344,14693000,0.0,0.0,GOOG
2024-12-30,189.87672867485227,192.7766284644964,189.37433864863712,191.69227600097656,12209500,0.0,0.0,GOOG
2024-12-31,191.44852615618527,192.24935057604253,188.59835567516282,189.4539031982422,14355200,0.0,0.0,GOOG
2025-01-02,190.49349766533388,192.199613809401,187.73287259466875,189.64292907714844,17545200,0.0,0.0,GOOG
2025-01-03,191.72708790343754,193.49289099095455,190.35920756866858,192.12998962402344,12875000,0.0,0.0,GOOG
2025-01-06,194.13951955134468,198.52668849297285,194.0499892088086,196.9349822998047,19483300,0.0,0.0,GOOG
2025-01-07,197.24338737454207,201.09334414857855,194.92544999701238,195.69146728515625,16966800,0.0,0.0,GOOG
2025-01-08,192.94573445227036,196.6166302624817,192.74677307730784,194.37828063964844,14335300,0.0,0.0,GOOG
2025-01-10,194.40813428616252,196.59673988513126,190.60792173173346,192.16978454589844,20753800,0.0,0.0,GOOG
2025-01-13,190.3591916148729,191.49328806291552,187.683118064548,191.2943115234375,13169100,0.0,0.0,GOOG
2025-01-14,191.50324947109388,192.26926671931673,188.65805772890357,190.06076049804688,13651200,0.0,0.0,GOOG
2025-01-15,193.34366564133316,196.77579857406522,192.3289429306872,195.9600372314453,12894900,0.0,0.0,GOOG
2025-01-16,194.8110326665957,195.9600509657404,193.29393505181625,193.4033660888672,13449600,0.0,0.0,GOOG
2025-01-17,197.02451063588327,197.7805699314551,194.29869274589717,196.527099609375,22109100,0.0,0.0,GOOG
2025-01-21,199.4717618084452,202.78452102376292,198.40731011895576,198.59632873535156,19005200,0.0,0.0,GOOG
2025-01-22,199.51155913723645,201.0734218150751,198.16854333839012,198.99424743652344,15477400,0.0,0.0,GOOG
2025-01-23,198.94452311750496,200.89438114994874,195.80089675793687,198.54660034179688,15170800,0.0,0.0,GOOG
2025-01-24,198.8151953957776,201.52111262197343,198.74952766742587,200.8545684814453,12732400,0.0,0.0,GOOG
2025-01-27,193.18450130666076,197.64129995540554,191.70221094916442,192.7666778564453,24970200,0.0,0.0,GOOG
2025-01-28,193.64209324455172,196.20873578657972,191.61266307492292,196.04957580566406,15939200,0.0,0.0,GOOG
2025-01-29,196.34803046612717,197.43239807765912,194.17932560262406,196.1590118408203,12287800,0.0,0.0,GOOG
2025-01-30,198.72564570444456,202.18564878993757,198.43914254242208,201.58079528808594,14571500,0.0,0.0,GOOG
2025-01-31,202.66016640588438,206.00774800498388,202.52587089641744,204.53541564941406,17060300,0.0,0.0,GOOG
2025-02-03,201.1679263753053,204.15737133226068,200.61580745355215,201.59072875976562,16719500,0.0,0.0,GOOG
2025-02-04,203.44110556464975,207.61935506351793,203.20234281222488,206.63449096679688,28285400,0.0,0.0,GOOG
2025-02-05,192.10014141176407,193.54263032942174,188.9266566850494,192.29910278320312,43666400,0.0,0.0,GOOG
2025-02-06,190.00107220966927,192.8263632393094,189.50366117572784,192.30905151367188,20816600,0.0,0.0,GOOG
2025-02-07,191.74199930755367,192.01556928787184,184.14155977279586,186.17098999023438,29565700,0.0,0.0,GOOG
2025-02-10,188.08102656982686,189.00621883318686,186.63853784629885,187.22547912597656,16606000,0.0,0.0,GOOG
2025-02-11,185.8675803518812,187.82240199450504,185.11648486292324,186.1013641357422,13028100,0.0,0.0,GOOG
2025-02-12,184.27088725533045,185.86260863474703,182.67918105569393,184.4698486328125,17632300,0.0,0.0,GOOG
2025-02-13,184.96725044916784,187.01659655647276,183.92269947449384,186.90716552734375,12729300,0.0,0.0,GOOG
2025-02-14,185.86261857944308,187.17577588491002,185.146345438359,185.90240478515625,12714200,0.0,0.0,GOOG
2025-02-18,186.46945931853924,186.80769519386456,182.62944535456967,184.83795166015625,19796000,0.0,0.0,GOOG
2025-02-19,185.22094238771552,186.38986134149175,184.53949170694256,186.1610565185547,13120500,0.0,0.0,GOOG
2025-02-20,185.5343247540252,186.15110960881435,183.64416880431477,185.67359924316406,12063800,0.0,0.0,GOOG
2025-02-21,186.32021104897444,186.4992869075997,180.1921188897077,180.63978576660156,19520800,0.0,0.0,GOOG
2025-02-24,182.84828656326837,184.13160026365543,179.9434081459966,180.25180053710938,18734000,0.0,0.0,GOOG
2025-02-25,179.22216694157265,179.82403003732153,175.85469973438364,176.4515838623047,20832500,0.0,0.0,GOOG
2025-02-26,176.02879599433606,177.15791356323382,172.69115706684158,173.79541015625,23637200,0.0,0.0,GOOG
2025-02-27,175.0289848591496,175.67561308631582,168.8730228102201,169.3286590576172,25930500,0.0,0.0,GOOG
2025-02-28,169.418205729236,171.60681130117902,167.5180918855945,171.32826232910156,30049800,0.0,0.0,GOOG
2025-03-03,172.83043749186666,174.09386579684514,166.77197460528376,167.7866973876953,24122000,0.0,0.0,GOOG
2025-03-04,167.07041521167136,174.25799531635866,166.67247728926768,171.7162322998047,30711400,0.0,0.0,GOOG
2025-03-05,171.4277652018082,174.83999799008473,170.0449478001638,174.0839385986328,18848000,0.0,0.0,GOOG
2025-03-06,171.65654466452523,175.8148934721599,171.61475473144714,173.30795288085938,19082400,0.0,0.0,GOOG
2025-03-07,172.34495662578817,175.98400504395343,171.35808883384823,174.8399658203125,16395300,0.0,0.0,GOOG
2025-03-10,169.47177260480427,169.7605929808429,164.89535637752135,167.1312713623047,28990700,0.2,0.0,GOOG
2025-03-11,166.00583577190864,167.9728537301256,162.5797620234785,165.3086700439453,23705900,0.0,0.0,GOOG
2025-03-12,167.78861212422908,168.84432244608345,164.8106999243913,168.31646728515625,19880100,0.0,0.0,GOOG
2025-03-13,167.30057559363973,167.44000873488667,163.40640172128795,164.063720703125,15206200,0.0,0.0,GOOG
2025-03-14,164.64637710900536,167.56950391364919,163.84462507190284,166.94204711914062,18611100,0.0,0.0,GOOG
2025-03-17,166.64825260405573,167.77867183357736,165.13938061489787,165.8963165283203,17839100,0.0,0.0,GOOG
2025-03-18,165.28877161215254,165.76682596846985,158.15772701000932,162.01206970214844,24616800,0.0,0.0,GOOG
2025-03-19,163.25201254718093,167.45295447296462,162.3905209059076,165.60745239257812,24955700,0.0,0.0,GOOG
2025-03-20,163.16240995752295,166.35444922146,162.48018285813538,164.38246154785156,19981500,0.0,0.0,GOOG
2025-03-21,162.71918871380333,165.79668707470026,162.37059826511413,165.57757568359375,29882100,0.0,0.0,GOOG
2025-03-24,168.58038739665923,169.81039290328442,166.76277186100938,169.24269104003906,18742800,0.0,0.0,GOOG
2025-03-25,170.48763669935926,172.210650469325,169.86019513644072,172.09112548828125,13841600,0.0,0.0,GOOG
2025-03-26,170.6071518378054,171.24456264399703,166.18609553083533,166.46397399902344,22498000,0.0,0.0,GOOG
2025-03-27,166.0357341858343,166.76277738476176,163.18730108651417,163.41636657714844,21571200,0.0,0.0,GOOG
2025-03-28,161.70330888470545,163.147441081811,154.7107103643924,155.4287872314453,34866500,0.0,0.0,GOOG
2025-03-31,154.1838591136328,156.49448302721146,151.5943840899133,155.59811401367188,33591600,0.0,0.0,GOOG
2025-04-01,154.6718741426035,159.4325396613724,154.62705797398158,158.23739624023438,20111400,0.0,0.0,GOOG
2025-04-02,156.32517424283495,159.62675379666416,155.89690549651638,158.2174835205078,17113300,0.0,0.0,GOOG
2025-04-03,152.2168527377023,154.0613519562659,151.56448795871475,152.01268005371094,28416100,0.0,0.0,GOOG
2025-04-04,149.29370816580848,152.47080831875712,146.94325281731616,147.1424560546875,39832200,0.0,0.0,GOOG
2025-04-07,142.81003813516674,154.30335627650962,142.08299497921362,148.63638305664062,47823000,0.0,0.0,GOOG
2025-04-08,152.95385562909811,153.8153625667436,144.62269799229472,145.98715209960938,35304400,0.0,0.0,GOOG
2025-04-09,145.73816486569785,161.2153060890066,145.22026376925504,160.40858459472656,46479500,0.0,0.0,GOOG
2025-04-10,158.11786516138866,159.38273270520003,151.5844005272355,154.7415771484375,35270500,0.0,0.0,GOOG
2025-04-11,154.95572257857876,159.21342569689412,154.95572257857876,158.75527954101562,22582000,0.0,0.0,GOOG
2025-04-14,161.65350862742855,163.3665530261246,159.2731759753095,160.81690979003906,18255900,0.0,0.0,GOOG
2025-04-15,160.91653392939605,161.39458830381662,157.00740563751106,158.0382080078125,15690800,0.0,0.0,GOOG
2025-04-16,154.84118578647085,157.5402163845334,153.28749780872553,154.87106323242188,16921500,0.0,0.0,GOOG
2025-04-17,155.97657051648838,156.434716671676,150.28965868848178,152.73971557617188,19513400,0.0,0.0,GOOG
2025-04-21,150.354417557287,150.44903454501627,147.79978928274667,149.25389099121094,16147800,0.0,0.0,GOOG
2025-04-22,150.45900148257337,153.98467719094523,150.25979822914624,153.2775421142578,15910300,0.0,0.0,GOOG
2025-04-23,157.2713415263419,159.3728083043521,155.71765332972305,157.0821075439453,18575700,0.0,0.0,GOOG
2025-04-24,157.88381402234566,161.05594454232423,157.45057588145013,160.81690979003906,30787500,0.0,0.0,GOOG
2025-04-25,166.4241567505421,167.55954532138895,162.34073344996503,163.1873016357422,35148100,0.0,0.0,GOOG
2025-04-28,163.59563109967962,164.28284276799292,159.73133442106317,161.76307678222656,20871200,0.0,0.0,GOOG
2025-04-29,161.38958703408312,162.02201322671587,158.74532672732573,161.40452575683594,15955200,0.0,0.0,GOOG
2025-04-30,159.21342500394488,160.72129376483562,156.51936392224943,160.2392578125,20639500,0.0,0.0,GOOG
2025-05-01,161.8626795159106,163.27693439217705,160.27909884439842,162.13157653808594,21904300,0.0,0.0,GOOG
2025-05-02,164.28782092891186,166.02575819757342,162.9980605401917,165.1393585205078,16844900,0.0,0.0,GOOG
2025-05-05,163.84959235508165,166.42414359888113,163.8047761883749,165.37838745117188,15309300,0.0,0.0,GOOG
2025-05-06,163.29685485815608,166.0656096677416,162.47021004852107,164.53182983398438,10691900,0.0,0.0,GOOG
2025-05-07,165.39832428714405,166.31460145207316,148.88538156064425,152.18199157714844,78729800,0.0,0.0,GOOG
2025-05-08,155.28936674953536,156.77334579137747,153.47673579360423,155.12005615234375,38387500,0.0,0.0,GOOG
2025-05-09,154.9208505989966,155.79728093263435,153.20780626010335,153.75558471679688,22871000,0.0,0.0,GOOG
2025-05-12,158.4565159583647,159.79109259540746,157.2514031940014,158.9345703125,31884900,0.0,0.0,GOOG
2025-05-13,159.27317989421834,161.40452376405077,156.94264799111681,160.2392578125,24944300,0.0,0.0,GOOG
2025-05-14,160.65756033705904,167.65912546103155,160.27909242860437,166.13531494140625,31769200,0.0,0.0,GOOG
2025-05-15,166.46398594371732,166.8324845808578,163.1773300646456,164.73101806640625,22717600,0.0,0.0,GOOG
2025-05-16,168.24672534220952,169.95976971274536,166.2747380587591,166.75279235839844,36271400,0.0,0.0,GOOG
2025-05-19,165.04475721501143,167.27071830038446,164.74596753432272,167.1910400390625,21374700,0.0,0.0,GOOG
2025-05-20,167.0814703082653,168.9937028282985,163.59562645259507,164.65135192871094,33563300,0.0,0.0,GOOG
2025-05-21,164.28285909527938,173.8241147488791,164.22310419593487,169.3721923828125,45567600,0.0,0.0,GOOG
2025-05-22,172.64887782629978,177.40954350959885,171.1848221457587,171.28440856933594,45024100,0.0,0.0,GOOG
2025-05-23,169.5912949526665,170.51255679496953,168.5754161256522,168.90408325195312,24963600,0.0,0.0,GOOG
2025-05-27,170.60715313028052,173.5850498768435,170.51752079679463,173.27630615234375,24341300,0.0,0.0,GOOG
2025-05-28,173.27630553994464,175.76619388623624,172.31521228557347,172.67874145507812,25999200,0.0,0.0,GOOG
2025-05-29,174.2922100338356,174.69058614936878,171.08523215344704,172.26046752929688,21174700,0.0,0.0,GOOG
2025-05-30,171.71268658459127,172.7385195050437,167.8433898495234,172.15090942382812,36258300,0.0,0.0,GOOG
2025-06-02,168.3264234555339,170.37012596378605,167.9678788892252,169.68092346191406,24742900,0.0,0.0,GOOG
2025-06-03,168.18200445138862,169.1132202654776,166.0058292615901,167.03167724609375,25386700,0.0,0.0,GOOG
2025-06-04,167.59936869055824,168.8941137128479,167.11632972752577,168.7048797607422,18508700,0.0,0.0,GOOG
2025-06-05,170.92584562686082,171.6628580280162,168.66503801256965,169.1231689453125,25375400,0.0,0.0,GOOG
2025-06-06,171.60312601424715,175.11884751526102,171.60312601424715,174.2125244140625,22258100,0.0,0.0,GOOG
2025-06-09,175.36920837444498,177.40838344678272,175.15981486637153,177.12420654296875,18817600,0.21,0.0,GOOG
2025-06-10,177.25382807443742,181.92550045360693,175.97249863835316,179.49742126464844,32908000,0.0,0.0,GOOG
2025-06-11,180.71395372243103,181.23247731258908,177.49315522223304,178.28089904785156,18994400,0.0,0.0,GOOG
2025-06-12,176.97463731379557,177.62279562613722,175.60854313516973,176.46609497070312,17345900,0.0,0.0,GOOG
2025-06-13,173.08574224840902,177.83518035272527,173.0757762003859,175.3791961669922,20873200,0.0,0.0,GOOG
2025-06-16,175.40411009338223,177.73744330231764,175.3193606510868,177.43331909179688,18132500,0.0,0.0,GOOG
2025-06-17,176.49601621014995,178.20612932570185,175.43903685261162,176.72535705566406,17656100,0.0,0.0,GOOG
2025-06-18,176.77519493381817,177.31765222631788,172.34783537554478,173.48458862304688,32531800,0.0,0.0,GOOG
2025-06-20,174.3670730180205,174.86564925551943,165.7965462781869,167.25238037109375,55402600,0.0,0.0,GOOG
2025-06-23,166.84359050577245,168.0002760286221,162.86494591172044,165.5373077392578,36975600,0.0,0.0,GOOG
2025-06-24,167.2075235754851,168.76806975687913,166.4347364323062,167.2623748779297,27310300,0.0,0.0,GOOG
2025-06-25,168.16976896218105,172.86636409735513,168.0810330981547,171.00169372558594,23627400,0.0,0.0,GOOG
2025-06-26,172.89129646036014,174.15269387897735,170.37349225498832,173.93331909179688,25909100,0.0,0.0,GOOG
2025-06-27,174.13275544724416,178.330759180761,172.21822436859895,177.76239013671875,74053100,0.0,0.0,GOOG
2025-06-30,180.27022481423467,181.0629592542579,175.00027001149462,176.8848876953125,43964600,0.0,0.0,GOOG
2025-07-01,176.30155328362758,176.7153801218203,174.16267197058608,176.40626525878906,25778500,0.0,0.0,GOOG
2025-07-02,176.04229660403004,179.42264316852956,175.58859036409876,179.24813842773438,19325900,0.0,0.0,GOOG
2025-07-03,179.3079867971742,180.25527871862118,177.68262319967587,180.03590393066406,13287400,0.0,0.0,GOOG
2025-07-07,179.6220932182954,179.82651134431492,176.13704945733355,177.05442810058594,20991400,0.0,0.0,GOOG
2025-07-08,178.27092688927698,178.28089293698707,173.42476501767194,174.66123962402344,24108600,0.0,0.0,GOOG
2025-07-09,175.6085395035805,179.76666388972083,173.38489353540632,177.1541290283203,31288000,0.0,0.0,GOOG
2025-07-10,176.16694359935292,179.07862729251107,175.23959900796677,178.191162109375,24693700,0.0,0.0,GOOG
2025-07-11,177.4034040338624,182.0900177172081,177.0354514767008,180.79371643066406,23975700,0.0,0.0,GOOG
2025-07-14,181.55156086612874,184.20397492161146,180.19642187035925,182.28944396972656,20990400,0.0,0.0,GOOG
2025-07-15,183.41623298699918,184.88204837684916,181.8706435714378,182.57862854003906,23911600,0.0,0.0,GOOG
2025-07-16,183.7951562789434,184.8072654587967,182.55868170023993,183.24671936035156,21152600,0.0,0.0,GOOG
2025-07-17,182.59360912811604,184.6597003678229,180.98320215483517,184.17408752441406,21654400,0.0,0.0,GOOG
2025-07-18,186.08860942888958,186.8265078148914,184.20399166314442,185.41055297851562,21033400,0.0,0.0,GOOG
2025-07-21,186.5672421082785,190.7153850173733,186.51738143933608,190.60569763183594,24665000,0.0,0.0,GOOG
2025-07-22,191.87207258869435,192.8093983260779,187.95824617967162,191.56295776367188,26212900,0.0,0.0,GOOG
2025-07-23,191.8122616415566,192.80941417343925,189.6384612100756,190.9646759033203,34068100,0.0,0.0,GOOG
2025-07-24,197.54589455449943,198.40344636594713,191.40343112437813,192.64987182617188,45252100,0.0,0.0,GOOG
2025-07-25,192.38063967306033,194.71896368694811,191.5829297825064,193.52737426757812,31101800,0.0,0.0,GOOG
2025-07-28,193.85641861722297,194.2652547885067,191.3086861013837,192.86923217773438,25553500,0.0,0.0,GOOG
2025-07-29,192.74958939416115,196.10002254359046,192.44047454062365,195.87066650390625,31891600,0.0,0.0,GOOG
2025-07-30,195.74105428582791,197.91483960451836,195.00315589990151,196.8778076171875,21150500,0.0,0.0,GOOG
2025-07-31,196.0401927171234,196.26953353783088,191.53305903886246,192.3108367919922,27852000,0.0,0.0,GOOG
2025-08-01,189.2396045493179,191.07236832994607,188.1626779989125,189.40911865234375,21236700,0.0,0.0,GOOG
2025-08-04,190.63064182040998,195.52167386173045,190.37636305120955,195.19261169433594,23386000,0.0,0.0,GOOG
2025-08-05,194.98817463565786,198.13418940828487,194.12065687028007,194.76382446289062,19010200,0.0,0.0,GOOG
2025-08-06,194.6940404711256,196.81798032699237,193.91326525690266,196.35928344726562,15383700,0.0,0.0,GOOG
2025-08-07,197.14702995233705,197.8051390469662,194.6641147185485,196.71824645996094,14660600,0.0,0.0,GOOG
2025-08-08,197.416259260937,202.85073766140218,197.33648523042044,201.51455688476562,24379900,0.0,0.0,GOOG
2025-08-11,200.98107907047685,201.58436733075487,199.23108665544845,201.05587768554688,16690200,0.0,0.0,GOOG
2025-08-12,201.51955180494028,204.54591353591007,200.82652345870838,203.57867431640625,19854000,0.0,0.0,GOOG
2025-08-13,204.39631813928864,204.845033727696,198.07437484974005,202.45187377929688,19573000,0.0,0.0,GOOG
2025-08-14,201.98321733612022,204.8350742270395,201.74888587913532,203.23963928222656,17777100,0.0,0.0,GOOG
2025-08-15,204.13707666196314,206.73964549503341,201.50958510061872,204.3265380859375,21111400,0.0,0.0,GOOG
2025-08-18,204.4860601206294,205.5530053296093,202.8307834027918,203.70826721191406,13000200,0.0,0.0,GOOG
2025-08-19,203.32438576853093,203.70828401573087,200.35785090044922,201.91342163085938,13476600,0.0,0.0,GOOG
2025-08-20,201.10571211053593,201.59432232086678,196.89774249140027,199.61996459960938,13971700,0.0,0.0,GOOG
2025-08-21,200.14845791183663,202.78093999390543,199.82936179748154,200.04873657226562,11768900,0.0,0.0,GOOG
2025-08-22,203.37924258904317,208.6342256189113,201.55445158058532,206.13137817382812,25723700,0.0,0.0,GOOG
2025-08-25,206.41056953451064,210.4889196480279,205.3635563561227,208.56442260742188,22788800,0.0,0.0,GOOG
2025-08-26,207.77666661423743,207.86642190508059,205.86213559347055,207.3578643798828,23051000,0.0,0.0,GOOG
2025-08-27,205.8721247393355,208.9732698171861,205.8023167566001,207.6171417236328,15249000,0.0,0.0,GOOG
2025-08-28,207.2481743869278,212.29376366184292,207.00886752192932,211.76527404785156,20915700,0.0,0.0,GOOG
2025-08-29,210.66842253634155,214.72682548432343,210.36927372964016,212.92198181152344,24682200,0.0,0.0,GOOG
2025-09-02,208.3949403291392,211.76431698335512,206.37072164231,211.3863983154297,28900100,0.0,0.0,GOOG
2025-09-03,225.83510053542784,231.13995929372416,224.47897248720727,230.44195556640625,72250300,0.0,0.0,GOOG
2025-09-04,229.49964084428723,232.10720020502256,226.11430372222992,231.9975128173828,32196000,0.0,0.0,GOOG
2025-09-05,231.99751875750673,235.4576393653349,231.71831725733676,234.5003662109375,26127700,0.0,0.0,GOOG
2025-09-08,235.32873581763147,237.9336306885174,233.2727680706754,233.70193481445312,23128800,0.21,0.0,GOOG
2025-09-09,233.73187510033893,240.11934919599457,232.92346207577276,239.4706268310547,22854800,0.0,0.0,GOOG
2025-09-10,238.78197848839386,241.60644426204072,237.64420916870392,239.09136962890625,19990100,0.0,0.0,GOOG
2025-09-11,239.670227822736,242.09548207762805,236.1171944751673,240.30897521972656,21308600,0.0,0.0,GOOG
2025-09-12,240.32895441337703,241.9487806264288,238.03345058625408,240.90782165527344,14536600,0.0,0.0,GOOG
2025-09-15,244.66045674238666,252.25557067635967,244.5007660792978,251.2675018310547,29935200,0.0,0.0,GOOG
2025-09-16,251.83640041639592,252.73463376812833,249.22651032925336,250.9281768798828,24493500,0.0,0.0,GOOG
2025-09-17,250.96810297309426,251.45713469310198,246.0976443107254,249.3612518310547,20491300,0.0,0.0,GOOG
2025-09-18,251.36731345678214,253.64285211495618,249.6207367971961,251.83639526367188,21166400,0.0,0.0,GOOG
2025-09-19,252.90429521414327,256.1978580599402,251.5749001290136,254.74070739746094,41616800,0.0,0.0,GOOG
2025-09-22,254.28159202417987,255.80859778310395,250.31935701525043,252.38531494140625,20079000,0.0,0.0,GOOG
2025-09-23,253.15878923661495,254.2716135136843,250.59880455040593,251.8463592529297,17521100,0.0,0.0,GOOG
2025-09-24,251.65672540601142,252.4651536356117,246.73637702967133,247.34518432617188,16958500,0.0,0.0,GOOG
2025-09-25,244.36103504174346,246.83119948479083,241.1772729521053,246.08766174316406,17379800,0.0,0.0,GOOG
2025-09-26,247.30028436747259,249.6307080908706,246.15751996286122,246.6964569091797,16594600,0.0,0.0,GOOG
2025-09-29,247.7893078776783,251.15571056924117,242.72423885260133,243.88197326660156,23157200,0.0,0.0,GOOG
2025-09-30,242.5845309216633,243.19833335962917,239.1023575820505,243.07357788085938,22541200,0.0,0.0,GOOG
2025-10-01,240.70819039614514,246.666512952486,238.7320679853251,245.05966186523438,23967700,0.0,0.0,GOOG
2025-10-02,245.15947386631728,247.15056633705015,242.62942922539503,245.9479217529297,20657500,0.0,0.0,GOOG
2025-10-03,244.75028083348028,246.6345880461835,241.9956853826143,245.9678955078125,19941400,0.0,0.0,GOOG
2025-10-06,245.29920341478498,251.7066427694446,245.20938312792492,251.0179901123047,18309000,0.0,0.0,GOOG
2025-10-07,248.4430426338229,251.0579278171748,246.32719459308916,246.64657592773438,13811200,0.0,0.0,GOOG
2025-10-08,245.71838582107753,246.7763098352955,244.61055656999375,244.97984313964844,14136500,0.0,0.0,GOOG
2025-10-09,244.5806218715314,245.07464870084345,239.21114111980023,241.7362060546875,19375700,0.0,0.0,GOOG
2025-10-10,241.6862837352197,244.36103373708602,236.2219879862294,237.02542114257812,22449100,0.0,0.0,GOOG
2025-10-13,240.55848417783739,244.51074413405232,240.2790331457649,244.1614227294922,12465000,0.0,0.0,GOOG
2025-10-14,241.28208274297785,247.53980637822448,240.7062003860947,245.70840454101562,17705400,0.0,0.0,GOOG
2025-10-15,247.59969690234325,252.26553937260695,246.3072168107861,251.2176055908203,16048100,0.0,0.0,GOOG
2025-10-16,251.97113043417468,257.0761148486886,250.17964359711988,251.3872833251953,18946000,0.0,0.0,GOOG
2025-10-17,250.8583192068179,254.38141265847207,248.1037085285355,253.2935333251953,17653800,0.0,0.0,GOOG
2025-10-20,254.730720175168,257.3755454382386,254.10196292360385,256.5172119140625,13726800,0.0,0.0,GOOG
2025-10-21,254.75068259010632,254.88043315871175,244.1913772492023,250.84832763671875,27836400,0.0,0.0,GOOG
2025-10-22,254.51113980291018,256.6768929861004,249.96106769580882,252.03599548339844,19650200,0.0,0.0,GOOG
2025-10-23,253.20370248321245,255.35948069055303,252.27353409197949,253.233642578125,13241300,0.0,0.0,GOOG
2025-10-24,256.7966542421952,261.99648430275073,255.59901997238168,260.0003967285156,18406000,0.0,0.0,GOOG
2025-10-27,264.8408796912386,270.27024022649704,264.421718365036,269.4019470214844,22987700,0.0,0.0,GOOG
2025-10-28,269.6714643596973,270.84914880986616,266.6473926687049,267.9049072265625,20101200,0.0,0.0,GOOG
2025-10-29,268.084518803547,275.430136689206,267.9048782372746,274.6317138671875,26287900,0.0,0.0,GOOG
2025-10-30,291.149338690232,291.3589193601236,279.9013960238178,281.3485412597656,48570000,0.0,0.0,GOOG
2025-10-31,282.650977208601,285.72496912802427,276.98011604793214,281.2687072753906,29932800,0.0,0.0,GOOG
2025-11-03,281.86755274284974,285.38065607049083,279.82154461028614,283.564208984375,19691800,0.0,0.0,GOOG
2025-11-04,276.5230035539034,281.28268678839237,276.3233826138772,277.51605224609375,18123700,0.0,0.0,GOOG
2025-11-05,278.83347249108255,286.1391601752395,277.33640684061817,284.1929626464844,20063200,0.0,0.0,GOOG
2025-11-06,285.1760461917381,288.2450432279728,281.0691054763307,284.7818298339844,23103800,0.0,0.0,GOOG
2025-11-07,283.65401936749936,283.9434605971931,275.20058717815346,279.1528625488281,21991100,0.0,0.0,GOOG
2025-11-10,284.706980427471,290.88983864655734,282.9853487736345,290.02154541015625,19508200,0.0,0.0,GOOG
2025-11-11,287.63622797404787,291.7681133620935,287.3168466563392,291.1692810058594,14156700,0.0,0.0,GOOG
2025-11-12,291.5136297250364,291.7880856925171,283.82371525365465,286.86773681640625,16998800,0.0,0.0,GOOG
2025-11-13,282.43140406714,282.95540141720784,277.4561704506044,278.573974609375,18060200,0.0,0.0,GOOG
2025-11-14,271.3630969415388,278.60390928776036,270.8790603381107,276.43817138671875,18330500,0.0,0.0,GOOG
2025-11-17,285.839743672837,293.94385460993595,283.67400564199863,285.04132080078125,34286100,0.0,0.0,GOOG
2025-11-18,287.9206557340323,288.8688095426974,278.46421494061445,284.4025573730469,29702200,0.0,0.0,GOOG
2025-11-19,287.1222246159708,303.654822395168,287.1072697972532,292.4168395996094,43123600,0.0,0.0,GOOG
2025-11-20,304.14388799780994,306.2897067467055,288.6043676402575,289.41278076171875,34801400,0.0,0.0,GOOG
2025-11-21,296.28925176883206,303.3653785062888,293.7841521372714,299.0638122558594,43670600,0.0,0.0,GOOG
2025-11-24,310.4016170398079,319.1744002550105,308.7947506575406,317.8470153808594,55311800,0.0,0.0,GOOG
2025-11-25,326.1606884500195,328.02705586506585,317.1942849998955,323.00689697265625,50899300,0.0,0.0,GOOG
2025-11-26,320.15246424431047,324.3542197899175,316.5794811174511,319.6534423828125,29839600,0.0,0.0,GOOG
2025-11-28,322.7972969350763,326.24056020701124,316.32000245950996,319.4937744140625,19695800,0.0,0.0,GOOG
2025-12-01,316.8539440232833,319.0047270753606,313.3657860079027,314.5035400390625,28520600,0.0,0.0,GOOG
2025-12-02,316.28007786122015,317.97676452439663,313.6053277555434,315.40179443359375,24668200,0.0,0.0,GOOG
2025-12-03,315.4117804706808,321.4100334471199,313.66520382303423,319.9927978515625,32285100,0.0,0.0,GOOG
2025-12-04,322.4130740860983,322.46695407539863,314.9726404703706,317.7671813964844,20831600,0.0,0.0,GOOG
2025-12-05,319.3740224904766,323.19651692069215,319.3540725789078,321.4599304199219,15719900,0.0,0.0,GOOG
2025-12-08,320.61104175996445,320.8107929430465,311.5029486020491,314.0396423339844,22006900,0.21,0.0,GOOG
2025-12-09,312.69140162718145,318.293090499111,312.2120170689398,317.3353271484375,14151300,0.0,0.0,GOOG
2025-12-10,316.2067963622882,321.44994495209085,314.98838728040494,320.5810852050781,22764500,0.0,0.0,GOOG
2025-12-11,320.68095545193773,321.5697781115332,309.47559686198167,313.2906188964844,25912100,0.0,0.0,GOOG
2025-12-12,314.384191403608,315.72743733563,306.5593944963072,310.11474609375,21264800,0.0,0.0,GOOG
2025-12-15,312.2170002056079,312.2919145159097,305.34097591001495,308.91632080078125,22028900,0.0,0.0,GOOG
2025-12-16,305.6006464692463,311.4380195138882,303.4334650759046,307.3283996582031,21285200,0.0,0.0,GOOG
2025-12-17,308.60674262731374,308.79149875866017,297.0618312050489,297.6710205078125,29120400,0.0,0.0,GOOG
2025-12-18,302.6645051874067,304.8616463852272,300.2376836446455,303.3536071777344,21040500,0.0,0.0,GOOG
2025-12-19,302.87421730733627,308.58675384401073,301.9454382853998,308.2072448730469,45234400,0.0,0.0,GOOG
2025-12-22,310.8188320764369,311.29321825822973,306.1898713767453,310.9236755371094,14091400,0.0,0.0,GOOG
2025-12-23,310.7289841005398,315.8872219232364,310.34447676582494,315.2680358886719,13961400,0.0,0.0,GOOG
2025-12-24,315.7374107235817,315.87724264961207,312.9111173503096,315.258056640625,6138200,0.0,0.0,GOOG
2025-12-26,315.50771928299366,316.14686819703024,313.31057822091293,314.5489501953125,6730900,0.0,0.0,GOOG
2025-12-29,312.41177786022433,314.5589660191107,311.4929650481145,313.979736328125,12317700,0.0,0.0,GOOG
2025-12-30,313.000999413296,317.28540943965805,312.8412045581068,314.1394958496094,11052500,0.0,0.0,GOOG
2025-12-31,312.9610408855354,314.97842425011913,311.7925848269269,313.3904724121094,10821500,0.0,0.0,GOOG
2026-01-02,317.17553493261676,322.4925921245844,310.2445893355621,314.90850830078125,22043700,0.0,0.0,GOOG
2026-01-05,317.2803943893332,318.8333576971289,314.8375721951358,316.9058837890625,19934000,0.0,0.0,GOOG
2026-01-06,316.89590376555594,321.1403574586827,311.9323884629541,314.1394958496094,18989900,0.0,0.0,GOOG
2026-01-07,314.1594883653292,326.0389542255147,314.08957240180337,322.00921630859375,24681800,0.0,0.0,GOOG
2026-01-08,328.8352904632479,330.10862036359265,321.56976069270803,325.58453369140625,21789600,0.0,0.0,GOOG
2026-01-09,327.06260864018543,331.04742232785975,325.8242366201649,328.7104797363281,17917700,0.0,0.0,GOOG
2026-01-12,326.0738959562766,334.00353617058494,325.0851977244808,332.2957763671875,23893800,0.0,0.0,GOOG
2026-01-13,334.842443176996,340.7547307187532,333.9136641838289,335.9909362792969,24616700,0.0,0.0,GOOG
2026-01-14,334.5478107597875,336.5901553278728,330.7078579636465,335.87109375,17839300,0.0,0.0,GOOG
2026-01-15,337.61382063072415,337.68873494454425,330.85766500986597,332.7252197265625,16424900,0.0,0.0,GOOG
2026-01-16,334.49790980660475,334.8025044691476,327.74175393116076,329.9089050292969,21868600,0.0,0.0,GOOG
2026-01-20,320.82075024052295,327.66181662107743,320.4712313964823,321.73956298828125,27169900,0.0,0.0,GOOG
2026-01-21,320.67598013932434,332.290808151728,319.12301669075015,327.95147705078125,22791700,0.0,0.0,GOOG
2026-01-22,333.8287821334127,334.7725256981915,328.4508000741002,330.4082336425781,19902100,0.0,0.0,GOOG
2026-01-23,332.2208964370305,333.59410211341356,327.54201262517483,328.00140380859375,19110600,0.0,0.0,GOOG
2026-01-26,327.7717128570099,335.9110710528279,327.06261745942396,333.1546630859375,18502500,0.0,0.0,GOOG
2026-01-27,335.19198786494,337.77360575319784,333.3144364997522,334.56280517578125,16080900,0.0,0.0,GOOG
2026-01-28,336.17071194822404,337.18940036194795,331.69657781901543,335.8411560058594,17538500,0.0,0.0,GOOG
2026-01-29,339.9058450626567,341.84331577646435,326.29362750773345,338.2180480957031,24548300,0.0,0.0,GOOG
2026-01-30,334.02353024324157,339.8459393190057,332.2059284569407,338.0882263183594,21740200,0.0,0.0,GOOG
2026-02-02,336.1107810155394,344.71455893391885,335.5715076740309,344.44989013671875,22775200,0.0,0.0,GOOG
2026-02-03,348.0602055415327,349.6930511556747,338.14813929481124,340.2554016113281,25786500,0.0,0.0,GOOG
2026-02-04,343.3063846149433,343.800733734723,328.94014812343124,332.90496826171875,36991100,0.0,0.0,GOOG
2026-02-05,312.79126924034074,332.2098940118301,306.5194661993319,330.8975830078125,51842000,0.0,0.0,GOOG
2026-02-06,326.9228291868256,330.2085444197576,319.732212669293,322.6783752441406,33877000,0.0,0.0,GOOG
2026-02-09,320.82077417447744,327.3122917175226,317.28541579501643,323.9766540527344,26103300,0.0,0.0,GOOG
2026-02-10,320.49122633441056,321.21028797646636,314.2493823852293,318.2142028808594,25281900,0.0,0.0,GOOG
2026-02-11,318.5437226409867,320.6260234898432,309.7252599216724,310.9236755371094,24008100,0.0,0.0,GOOG
2026-02-12,311.94236944068,316.06698440393103,307.74783851722964,308.96624755859375,28194000,0.0,0.0,GOOG
2026-02-13,307.5830680236357,308.48691626632296,303.5034074415816,305.6206359863281,20236000,0.0,0.0,GOOG
2026-02-17,300.24765706433305,304.49211049817023,296.51251731768605,302.4248046875,23750800,0.0,0.0,GOOG
2026-02-18,302.0373377837931,305.51079587835017,301.58593178171805,303.5433654785156,15847700,0.0,0.0,GOOG
2026-02-19,302.1251671400422,305.63059595669705,300.27760597580755,303.163818359375,13448600,0.0,0.0,GOOG
2026-02-20,304.4022187611668,316.3466327070812,304.0227402687717,314.4890441894531,33663100,0.0,0.0,GOOG
2026-02-23,318.7235232646917,319.0380841366731,309.5854400242665,311.2832336425781,17641200,0.0,0.0,GOOG
2026-02-24,310.23461833809165,311.962341120562,305.69053796389596,310.5142517089844,15040700,0.0,0.0,GOOG
2026-02-25,311.71267438325657,313.25067319659894,308.95626646698753,312.6214904785156,20209100,0.0,0.0,GOOG
2026-02-26,312.39679526824995,312.59154811608227,302.01537127964497,306.7491760253906,22380000,0.0,0.0,GOOG
2026-02-27,303.54334418120766,311.6727051893538,303.1948006205073,311.0235595703125,33389200,0.0,0.0,GOOG
2026-03-02,302.5696161295488,307.7378808552178,300.6671034421218,305.9601745605469,21854400,0.0,0.0,GOOG
2026-03-03,298.03054247338764,303.54332729400136,296.31178027781107,303.163818359375,20361100,0.0,0.0,GOOG
2026-03-04,302.28999979339955,305.06137237929244,300.40744992717754,303.05401611328125,20015600,0.0,0.0,GOOG
2026-03-05,302.80432345436964,302.97408452968756,297.68101344342887,300.5173034667969,22643900,0.0,0.0,GOOG
2026-03-06,295.6856162816382,299.9380551922433,294.864698015099,297.91070556640625,17598000,0.0,0.0,GOOG
2026-03-09,293.95810054029374,306.3156537788302,293.7532067591801,305.8259582519531,19632700,0.21,0.0,GOOG
2026-03-10,305.6910336876566,308.9640578626859,305.12637106289316,306.7453918457031,14386400,0.0,0.0,GOOG
2026-03-11,306.11574664278464,310.8818905063814,305.6560318751311,308.2344970703125,13376700,0.0,0.0,GOOG
2026-03-12,306.02581398501115,308.4543755816348,300.6590487824004,303.0276184082031,15610200,0.0,0.0,GOOG
2026-03-13,306.4705694514694,307.075216570357,299.59970423366394,301.2786865234375,16857500,0.0,0.0,GOOG
2026-03-16,303.41739386063404,305.3862101461126,301.62846198721604,304.2369079589844,14822000,0.0,0.0,GOOG
2026-03-17,304.4867681271186,309.86350667991195,304.1669532729026,309.2239074707031,14423600,0.0,0.0,GOOG
2026-03-18,307.7197987713232,310.56308876859424,305.36123291378533,306.1157531738281,13848400,0.0,0.0,GOOG
2026-03-19,303.0276083402022,306.495522328792,300.8189462117848,305.5461120605469,15399700,0.0,0.0,GOOG
2026-03-20,303.8871134611093,304.1869208156099,296.5715090190732,298.61029052734375,34763500,0.0,0.0,GOOG
2026-03-23,300.3492505237287,303.18753879791194,297.8507541028747,298.84014892578125,22204100,0.0,0.0,GOOG
2026-03-24,296.03182484480067,296.9213041605432,288.6812683049409,289.02606201171875,27411200,0.0,0.0,GOOG
2026-03-25,291.97425966938914,294.48275961254154,287.1971361576211,289.4158020019531,22343000,0.0,0.0,GOOG
2026-03-26,286.01787071952646,286.34268744484854,278.8821505013807,280.5711364746094,29281200,0.0,0.0,GOOG
2026-03-27,277.2331315119547,278.92211737858287,273.3155065603785,273.5953369140625,25703300,0.0,0.0,GOOG
2026-03-30,275.2743430238678,276.0938571665062,271.37169284977546,272.9757385253906,22752300,0.0,0.0,GOOG
2026-03-31,277.37306812768094,286.8773271197116,276.59353851793674,286.68743896484375,31625100,0.0,0.0,GOOG
2026-04-01,289.8056019553753,297.80576171350253,289.2958989360971,294.7226257324219,24403600,0.0,0.0,GOOG
2026-04-02,288.8161565344196,295.7220036805807,287.3970277745505,294.2828674316406,13433400,0.0,0.0,GOOG
2026-04-06,294.52274605218776,298.2454810135183,293.6132897699338,297.48095703125,10121700,0.0,0.0,GOOG
2026-04-07,299.9594938576911,303.9171035550764,295.2473028799287,303.7471923828125,17317700,0.0,0.0,GOOG
2026-04-08,317.63882755519,319.1979173516329,312.5169099892079,314.5506896972656,20887500,0.0,0.0,GOOG
2026-04-09,313.00163791186503,317.23907805281584,309.2838740431667,316.1797180175781,14606800,0.0,0.0,GOOG
2026-04-10,318.03358841229215,319.3078153785124,314.3508074416827,315.53009033203125,11997600,0.0,0.0,GOOG
2026-04-13,315.23030679320124,319.2378742739686,313.50133630699344,319.01800537109375,12212800,0.0,0.0,GOOG
2026-04-14,321.87130162031684,330.4411565240312,320.95684339258287,330.38116455078125,18557500,0.0,0.0,GOOG
2026-04-15,330.3611774124935,334.79850934948115,328.462326295132,334.2688293457031,15104100,0.0,0.0,GOOG
2026-04-16,335.64798864456304,337.1770671128283,331.4505027908985,332.56982421875,13949600,0.0,0.0,GOOG
2026-04-17,334.22884980226,339.7805014284534,333.0895513147008,339.19586181640625,19683800,0.0,0.0,GOOG
2026-04-20,338.3563758313641,338.9560210703948,334.4287467895101,335.1982727050781,12897300,0.0,0.0,GOOG
2026-04-21,335.3831540609058,336.9672227230362,329.43174911178386,330.271240234375,14623800,0.0,0.0,GOOG
2026-04-22,334.6835958687374,337.8266933540505,332.7597353449777,337.5268859863281,12954200,0.0,0.0,GOOG
2026-04-23,339.3707589505945,339.9553985352305,334.8584600686641,337.5468444824219,13442100,0.0,0.0,GOOG
2026-04-24,337.516865979281,343.48327630328015,333.84906002833503,342.1141052246094,18260900,0.0,0.0,GOOG
2026-04-27,343.6731704622599,350.688937144481,340.6050096635064,348.31036376953125,17443000,0.0,0.0,GOOG
2026-04-28,346.7113473864688,349.6895354514848,344.0729206585439,347.2909851074219,18502300,0.0,0.0,GOOG
2026-04-29,345.27221882647495,353.1874381893852,342.22403497775565,347.1011047363281,22232200,0.0,0.0,GOOG
2026-04-30,371.0316955643996,382.3998535192728,362.87159825964693,381.71026611328125,44570500,0.0,0.0,GOOG
2026-05-01,377.7526634694606,383.15941312113796,375.0342982758103,382.989501953125,28047900,0.0,0.0,GOOG
2026-05-04,382.0900629369803,383.94892960999147,376.5433826561863,379.41168212890625,18275000,0.0,0.0,GOOG
2026-05-05,381.6402985876544,388.72603026067463,380.1212238542502,384.0388488769531,15432500,0.0,0.0,GOOG
2026-05-06,389.3556636937157,396.14158814851396,386.86717115178936,394.90234375,23097300,0.0,0.0,GOOG
2026-05-07,396.8211765082595,397.11601249324696,390.0752364541107,395.0622253417969,15153600,0.0,0.0,GOOG
2026-05-08,394.032860955436,398.13040116879216,393.43324621625237,396.8111877441406,13762500,0.0,0.0,GOOG
2026-05-11,390.4550091226855,394.09280386567815,385.99770027578,386.537353515625,16314900,0.0,0.0,GOOG
2026-05-12,384.7684247628253,386.2075610512266,379.49160187176113,383.5891418457031,17103900,0.0,0.0,GOOG
2026-05-13,381.67528465785847,399.6894366024174,381.3504679441929,398.79998779296875,18160100,0.0,0.0,GOOG
2026-05-14,393.55314996386056,398.8639490394177,392.4917770286838,396.9311218261719,13805400,0.0,0.0,GOOG
2026-05-15,392.97848723377916,395.6418928419125,389.5255787505654,393.08343505859375,15801900,0.0,0.0,GOOG
2026-05-18,391.8891422596936,404.2267181336527,390.66487298033206,392.87353515625,18592800,0.0,0.0,GOOG
2026-05-19,393.063429089017,393.1264099838384,382.7696364443794,384.6684875488281,25559400,0.0,0.0,GOOG
2026-05-20,384.8084179824556,390.46501731409904,379.7714408586532,384.6684875488281,16488100,0.0,0.0,GOOG
2026-05-21,381.7802360746463,388.4462070831433,379.25175905431604,383.2393493652344,16837600,0.0,0.0,GOOG
2026-05-22,383.0294961863553,384.6385132044718,378.0325034604433,379.1518249511719,13382800,0.0,0.0,GOOG
2026-05-26,380.76583200111435,385.15820799010294,378.911967276954,384.6085205078125,16150900,0.0,0.0,GOOG
2026-05-27,382.5347809021544,389.49058591164453,381.7702264112071,384.5985107421875,16893100,0.0,0.0,GOOG
2026-05-28,383.6291059052824,389.76542753221133,381.0206903760399,385.88775634765625,20795400,0.0,0.0,GOOG
2026-05-29,380.9957121529665,381.4204443301482,374.07485900677307,376.2035827636719,48018600,0.0,0.0,GOOG
2026-06-01,372.35092462272263,374.37470057389226,369.4876270555196,372.35589599609375,19091900,0.0,0.0,GOOG
2026-06-02,362.94155828091095,369.56757513109494,354.78646296524,358.1744384765625,34648600,0.0,0.0,GOOG
2026-06-03,358.1194663498822,362.28196979782444,354.16685855422884,355.466064453125,43031000,0.0,0.0,GOOG
2026-06-04,355.226213908984,369.63752354949486,354.58658421381983,369.0478820800781,37746200,0.0,0.0,GOOG
2026-06-05,363.16143521275876,368.97794185707363,361.41248782137086,365.5400085449219,23411500,0.0,0.0,GOOG
2026-06-08,362.4849853515625,363.3800048828125,357.8900146484375,361.1700134277344,18739000,0.22,0.0,GOOG
2026-06-09,364.885009765625,369.6919860839844,354.7200012207031,362.2900085449219,19873600,0.0,0.0,GOOG
2026-06-10,361.04998779296875,366.30999755859375,352.80999755859375,353.32000732421875,19878600,0.0,0.0,GOOG
2026-06-11,353.04998779296875,358.010009765625,343.6300048828125,356.55999755859375,28771800,0.0,0.0,GOOG
2026-06-12,361.1000061035156,364.77301025390625,353.3399963378906,358.1600036621094,17637100,0.0,0.0,GOOG
2026-06-15,365.989990234375,370.6499938964844,364.6499938964844,367.1099853515625,17268600,0.0,0.0,GOOG
2026-06-16,367.4649963378906,373.6000061035156,365.32000732421875,371.1000061035156,16492800,0.0,0.0,GOOG
2026-06-17,367.04998779296875,370.1499938964844,360.2300109863281,362.1000061035156,16003500,0.0,0.0,GOOG
2026-06-18,363.8900146484375,369.0,356.6080017089844,367.4599914550781,29339100,0.0,0.0,GOOG
2026-06-22,357.135009765625,358.20001220703125,340.94000244140625,348.7799987792969,32211200,0.0,0.0,GOOG
2026-06-23,340.1050109863281,348.7200012207031,339.7149963378906,346.0799865722656,21820900,0.0,0.0,GOOG
2026-06-24,348.7200012207031,352.8299865722656,341.5,345.0400085449219,23898400,0.0,0.0,GOOG
2026-06-25,336.9200134277344,343.19000244140625,335.8999938964844,342.19000244140625,27687600,0.0,0.0,GOOG
2026-06-26,340.9800109863281,344.1199951171875,333.69000244140625,334.69000244140625,82484600,0.0,0.0,GOOG
2026-06-29,339.95001220703125,351.9700012207031,338.80999755859375,351.2799987792969,25565700,0.0,0.0,GOOG
2026-06-30,350.9599914550781,355.3900146484375,348.1099853515625,353.3299865722656,21278400,0.0,0.0,GOOG
2026-07-01,354.614990234375,359.55999755859375,353.2300109863281,357.8900146484375,19546800,0.0,0.0,GOOG
2026-07-02,356.1499938964844,360.989990234375,350.32000732421875,356.17999267578125,15532900,0.0,0.0,GOOG
2026-07-06,358.19500732421875,365.67999267578125,354.19000244140625,364.8999938964844,22652700,0.0,0.0,GOOG
2026-07-07,367.2349853515625,370.8900146484375,362.4200134277344,363.6199951171875,16443900,0.0,0.0,GOOG
2026-07-08,362.2099914550781,364.9800109863281,354.70001220703125,358.7099914550781,14710400,0.0,0.0,GOOG
2026-07-09,351.0849914550781,356.7300109863281,348.6600036621094,356.239990234375,17217400,0.0,0.0,GOOG
2026-07-10,354.9540100097656,355.67999267578125,350.70001220703125,355.0299987792969,11618500,0.0,0.0,GOOG
2026-07-13,353.989990234375,355.75,349.82000732421875,350.6700134277344,10583500,0.0,0.0,GOOG
2026-07-14,348.8399963378906,357.8800048828125,348.8399963378906,357.3299865722656,11252600,0.0,0.0,GOOG
2026-07-15,356.010009765625,372.1400146484375,355.6700134277344,370.2099914550781,20258200,0.0,0.0,GOOG
2026-07-16,372.1700134277344,374.3500061035156,351.6700134277344,353.80999755859375,23603700,0.0,0.0,GOOG
2026-07-17,345.7699890136719,348.1700134277344,341.125,346.1199951171875,22023900,0.0,0.0,GOOG
2026-07-20,350.1700134277344,359.489990234375,350.0050048828125,351.3699951171875,13180200,0.0,0.0,GOOG
2026-07-21,350.55999755859375,350.67999267578125,346.88189697265625,349.010009765625,1416753,0.0,0.0,GOOG
